{
  "config": {
    "n_wells": 30,
    "n_rows": 153774,
    "n_features": 129,
    "feature_set": "v8 (no MLP)",
    "lgb_seeds": [
      42,
      7
    ],
    "n_folds": 3
  },
  "per_seed": {
    "42": {
      "metrics": {
        "overall_rmse": 13.924273490905762,
        "well_median": 10.725458145141602,
        "well_mean": 11.862377564112345,
        "well_p90": 18.736459732055675,
        "well_p99": 31.182820777893067,
        "well_max": 31.812501907348633
      },
      "fold_rmses": [
        10.753756523132324,
        16.60294532775879,
        13.622319221496582
      ]
    },
    "7": {
      "metrics": {
        "overall_rmse": 14.70170783996582,
        "well_median": 10.072706699371338,
        "well_mean": 12.16114808320999,
        "well_p90": 21.366560935974125,
        "well_p99": 33.96578033447267,
        "well_max": 37.31964874267578
      },
      "fold_rmses": [
        14.123805046081543,
        14.082863807678223,
        15.791118621826172
      ]
    }
  },
  "avg_metrics": {
    "overall_rmse": 14.040178298950195,
    "well_median": 10.084834098815918,
    "well_mean": 11.709138663609822,
    "well_p90": 20.73052482604981,
    "well_p99": 31.84653652191163,
    "well_max": 34.555946350097656
  },
  "per_seed_mean": {
    "overall_rmse": 14.312990665435791,
    "well_max": 34.56607532501221,
    "well_p90": 20.0515103340149
  },
  "delta_avg_minus_perseed_mean": {
    "overall_rmse": -0.2728123664855957,
    "well_max": -0.010128974914550781,
    "well_p90": 0.6790144920349093
  },
  "wall_seconds": 308.4631007909775
}